train_loss,val_loss
0.43446704673190273,0.14742086285894568
0.11144845361911482,0.06560919162901965
0.09165533797274675,0.06339343823492527
0.08799421931466749,0.06030805815349926
0.08566521769089083,0.06026918813586235
0.08645825516132097,0.05889936739748174
0.08784218218117472,0.06000183895230293
0.08448957510653042,0.0608740710568699
0.0845334313869957,0.0603223993358287
0.08460374544524858,0.05947505919770761
